<odoo>
    <data>

        <record id="facu_track_students_group" model="res.groups">
            <field name="name">Student/Group</field>
        </record>

        <record id="facu_profs_group_id" model="res.groups">
            <field name="name">Professor/Group</field>
        </record>

        <record id="facu_track_accses_model_student" model="ir.model.access">
            <field name="name">Student Access Rights</field>
            <field name="model_id" ref="model_facu_track_student"/>
            <field name="group_id" ref="facu_track.facu_track_students_group"/>
            <field name="perm_read" eval="True"/>
            <field name="perm_write" eval="True"/>
            <field name="perm_create" eval="True"/>
            <field name="perm_unlink" eval="True"/>
        </record>

        <record id="facu_track_accses_model_course" model="ir.model.access">
            <field name="name">Course Access Rights</field>
            <field name="model_id" ref="model_facu_track_course"/>
            <field name="group_id" ref="base.group_user"/>
            <field name="perm_read" eval="True"/>
            <field name="perm_write" eval="0"/>
            <field name="perm_create" eval="0"/>
            <field name="perm_unlink" eval="0"/>
        </record>

        <record id="facu_track_accses_model_prof" model="ir.model.access">
            <field name="name">Professor Access Rights</field>
            <field name="model_id" ref="model_facu_track_prof"/>
            <field name="group_id" ref="base.group_user"/>
            <field name="perm_read" eval="True"/>
            <field name="perm_write" eval="True"/>
            <field name="perm_create" eval="False"/>
            <field name="perm_unlink" eval="False"/>
        </record>

        <record id="facu_track_accses_model_dept" model="ir.model.access">
            <field name="name">Department Access Rights</field>
            <field name="model_id" ref="model_facu_track_dept"/>
            <field name="group_id" ref="base.group_user"/>
            <field name="perm_read" eval="True"/>
            <field name="perm_write" eval="0"/>
            <field name="perm_create" eval="0"/>
            <field name="perm_unlink" eval="0"/>
        </record>

        <record model="ir.rule" id="faue_track_students_rules">
            <field name="name">facu_track.students.rules</field>
            <field name="model_id" ref="model_facu_track_student"/>
            <field name="domain_force">[('create_uid','=', user.id)]</field>
            <field name="groups" eval="[(4,ref('facu_track.facu_track_students_group'))]"/>
        </record>


    </data>
</odoo>